{"inputUnits":[34],"outputUnits":6,"inputs":{"0":{"dtype":"number","min":597.9969302766737,"max":1237.4560149045947},"1":{"dtype":"number","min":-279.6076856765598,"max":425.472533465826},"2":{"dtype":"number","min":671.4083868253533,"max":1252.8837540832876},"3":{"dtype":"number","min":-265.3040919015747,"max":400.2570580971403},"4":{"dtype":"number","min":567.1459925244426,"max":1230.2482929192556},"5":{"dtype":"number","min":-263.19555449904055,"max":398.57125080584547},"6":{"dtype":"number","min":720.2040915089508,"max":1341.7912973623293},"7":{"dtype":"number","min":-195.07497746577275,"max":412.3933264897813},"8":{"dtype":"number","min":529.6228646023696,"max":1222.4357643647966},"9":{"dtype":"number","min":-222.07843386406554,"max":406.45295498199164},"10":{"dtype":"number","min":767.4690481561433,"max":1345.075750220821},"11":{"dtype":"number","min":-305.6632344206871,"max":820.9365957754628},"12":{"dtype":"number","min":477.4493872213084,"max":1195.9569731000338},"13":{"dtype":"number","min":-257.6666152686403,"max":638.3899139939692},"14":{"dtype":"number","min":774.9883188467044,"max":1295.1548163282012},"15":{"dtype":"number","min":-101.57335545352097,"max":1004.474078618992},"16":{"dtype":"number","min":187.0755950749269,"max":1164.0308075248613},"17":{"dtype":"number","min":-51.31843789976244,"max":812.7645689609221},"18":{"dtype":"number","min":708.9435201128091,"max":1294.2658446313808},"19":{"dtype":"number","min":-93.68179410521748,"max":999.7171178152221},"20":{"dtype":"number","min":80.644553929974,"max":1192.9989629972283},"21":{"dtype":"number","min":-28.08911299380179,"max":799.6029740420929},"22":{"dtype":"number","min":772.6312707971643,"max":1291.6195827432077},"23":{"dtype":"number","min":-192.41619028310794,"max":979.7202698110837},"24":{"dtype":"number","min":437.9659770199662,"max":1208.1829715007461},"25":{"dtype":"number","min":209.63517871284108,"max":942.6910733525981},"26":{"dtype":"number","min":762.1275769804421,"max":1297.2817428023727},"27":{"dtype":"number","min":10.941352472435426,"max":980.9613941333912},"28":{"dtype":"number","min":434.3382750988936,"max":1205.1785165292245},"29":{"dtype":"number","min":316.63281580160924,"max":981.518359565363},"30":{"dtype":"number","min":754.4331166525798,"max":1289.6025802285117},"31":{"dtype":"number","min":177.69016674852276,"max":999.005143907335},"32":{"dtype":"number","min":423.38348805091067,"max":1203.3641929700825},"33":{"dtype":"number","min":348.84706315008987,"max":993.5392707690858}},"outputs":{"0":{"dtype":"string","min":0,"max":1,"uniqueValues":["a","b","c","i","o","p"],"legend":{"a":[1,0,0,0,0,0],"b":[0,1,0,0,0,0],"c":[0,0,1,0,0,0],"i":[0,0,0,1,0,0],"o":[0,0,0,0,1,0],"p":[0,0,0,0,0,1]}}},"isNormalized":true}