{"inputUnits":[34],"outputUnits":6,"inputs":{"0":{"dtype":"number","min":-23.486028303179822,"max":1241.679675007424},"1":{"dtype":"number","min":-286.9236585828993,"max":572.9150795146503},"2":{"dtype":"number","min":-17.091012103283383,"max":1314.9944057055616},"3":{"dtype":"number","min":-273.404070461935,"max":474.83320180435624},"4":{"dtype":"number","min":-14.314087389970151,"max":1200.541759290193},"5":{"dtype":"number","min":-273.59745553594814,"max":430.49283866064354},"6":{"dtype":"number","min":-13.619161089028996,"max":1330.0157906158624},"7":{"dtype":"number","min":-275.00034503304704,"max":500.2653613471613},"8":{"dtype":"number","min":-16.191002918265717,"max":1118.5604385465208},"9":{"dtype":"number","min":-274.9937834563079,"max":435.4838264569437},"10":{"dtype":"number","min":43.034872311597674,"max":1352.8367808083576},"11":{"dtype":"number","min":-282.84647980628654,"max":812.6043796353404},"12":{"dtype":"number","min":-14.703204952485379,"max":1203.8357526098775},"13":{"dtype":"number","min":-323.75175609923247,"max":815.3035755417732},"14":{"dtype":"number","min":61.018191332008406,"max":1307.2523281402289},"15":{"dtype":"number","min":-74.79760123507555,"max":994.7686830041002},"16":{"dtype":"number","min":-24.69959757249025,"max":1192.161981236865},"17":{"dtype":"number","min":-167.80214662905092,"max":994.8781667489986},"18":{"dtype":"number","min":-9.795325801618848,"max":1283.6728970116806},"19":{"dtype":"number","min":-145.06827133208455,"max":938.8647306267512},"20":{"dtype":"number","min":-1.062789827759503,"max":1192.9833624469838},"21":{"dtype":"number","min":-161.73580563788758,"max":950.3078819111308},"22":{"dtype":"number","min":23.231433176854896,"max":1269.9610891955638},"23":{"dtype":"number","min":75.47660009670443,"max":990.2004862110516},"24":{"dtype":"number","min":0.5192965234232227,"max":1196.9298816703215},"25":{"dtype":"number","min":-183.1023527446546,"max":944.3544931393153},"26":{"dtype":"number","min":29.207422208135355,"max":1219.6292025025127},"27":{"dtype":"number","min":315.75127882334687,"max":994.3812715705142},"28":{"dtype":"number","min":0.5988076044569703,"max":1182.6563868234496},"29":{"dtype":"number","min":-29.517028689616865,"max":981.4350376538132},"30":{"dtype":"number","min":39.69725266767059,"max":1194.1533296521875},"31":{"dtype":"number","min":393.20956165098073,"max":997.0488180565787},"32":{"dtype":"number","min":38.41495238781905,"max":1159.8912307114629},"33":{"dtype":"number","min":114.89482054236339,"max":993.4397662127458}},"outputs":{"0":{"dtype":"string","min":0,"max":1,"uniqueValues":["a","b","c","i","o","p"],"legend":{"a":[1,0,0,0,0,0],"b":[0,1,0,0,0,0],"c":[0,0,1,0,0,0],"i":[0,0,0,1,0,0],"o":[0,0,0,0,1,0],"p":[0,0,0,0,0,1]}}},"isNormalized":true}