{"inputUnits":[34],"outputUnits":6,"inputs":{"0":{"dtype":"number","min":593.1656906990512,"max":1211.967355828536},"1":{"dtype":"number","min":-280.27284800657753,"max":449.59737736811644},"2":{"dtype":"number","min":623.7982201529758,"max":1237.7292066986797},"3":{"dtype":"number","min":-265.8541138409174,"max":413.76102797004444},"4":{"dtype":"number","min":575.028747201663,"max":1163.9793987906235},"5":{"dtype":"number","min":-265.18746716237206,"max":411.93720350953333},"6":{"dtype":"number","min":679.333050822654,"max":1265.5727263036063},"7":{"dtype":"number","min":-180.58942828262062,"max":450.3287819905123},"8":{"dtype":"number","min":552.9533424897965,"max":1077.230680439672},"9":{"dtype":"number","min":-182.12059690241227,"max":433.590228283382},"10":{"dtype":"number","min":737.578600907651,"max":1284.960900617157},"11":{"dtype":"number","min":-312.70101863273635,"max":638.2515261466043},"12":{"dtype":"number","min":531.1778999908626,"max":1032.996243779887},"13":{"dtype":"number","min":-329.38585545352095,"max":580.082718698602},"14":{"dtype":"number","min":792.9878588819596,"max":1284.8625899941367},"15":{"dtype":"number","min":-130.70249204282408,"max":927.9829736899214},"16":{"dtype":"number","min":387.6784701282285,"max":1028.8780215376767},"17":{"dtype":"number","min":-141.6823561521534,"max":833.7105603431864},"18":{"dtype":"number","min":725.2266581574378,"max":1222.2059937713207},"19":{"dtype":"number","min":-80.52424278408,"max":902.6540810508802},"20":{"dtype":"number","min":376.0964721917641,"max":1103.743049368756},"21":{"dtype":"number","min":-41.27318354377971,"max":802.4202265748736},"22":{"dtype":"number","min":730.3886880558601,"max":1242.1736635799296},"23":{"dtype":"number","min":-205.44438174361142,"max":980.5018565157468},"24":{"dtype":"number","min":531.221169514498,"max":993.9630938970554},"25":{"dtype":"number","min":-219.2031985277321,"max":977.5787984093263},"26":{"dtype":"number","min":714.397776642738,"max":1185.122146457724},"27":{"dtype":"number","min":30.643755520528714,"max":984.7159783138402},"28":{"dtype":"number","min":558.1415202417801,"max":1095.390765392757},"29":{"dtype":"number","min":-7.753822966161067,"max":982.2236451860988},"30":{"dtype":"number","min":707.2415357444718,"max":1152.7079591509425},"31":{"dtype":"number","min":269.81128239027476,"max":994.1662279393008},"32":{"dtype":"number","min":558.4229877538849,"max":1113.3206361172026},"33":{"dtype":"number","min":126.92304763645222,"max":993.9293365775957}},"outputs":{"0":{"dtype":"string","min":0,"max":1,"uniqueValues":["a","b","c","i","o","p"],"legend":{"a":[1,0,0,0,0,0],"b":[0,1,0,0,0,0],"c":[0,0,1,0,0,0],"i":[0,0,0,1,0,0],"o":[0,0,0,0,1,0],"p":[0,0,0,0,0,1]}}},"isNormalized":true}