{"inputUnits":[34],"outputUnits":6,"inputs":{"0":{"dtype":"number","min":566.8257221422697,"max":1196.3435515465094},"1":{"dtype":"number","min":-284.0891853317647,"max":527.0703761526482},"2":{"dtype":"number","min":598.0647120187622,"max":1268.7453414589804},"3":{"dtype":"number","min":-271.9844415080942,"max":461.35861402366595},"4":{"dtype":"number","min":548.2118234020925,"max":1126.6594150238334},"5":{"dtype":"number","min":-270.99354645429764,"max":459.91083632203333},"6":{"dtype":"number","min":634.1287814432185,"max":1318.8596919544955},"7":{"dtype":"number","min":-173.00487377025462,"max":473.38398002044494},"8":{"dtype":"number","min":483.5651622274001,"max":1086.9089577955576},"9":{"dtype":"number","min":-168.82278531615498,"max":469.73310801485593},"10":{"dtype":"number","min":619.407148751599,"max":1325.8463922392787},"11":{"dtype":"number","min":-320.35758273178607,"max":748.0931260850693},"12":{"dtype":"number","min":497.00228388081746,"max":1049.6581840886938},"13":{"dtype":"number","min":-294.29318671570417,"max":686.1980261254264},"14":{"dtype":"number","min":545.9946850633528,"max":1296.176778038575},"15":{"dtype":"number","min":-157.99637168006825,"max":1005.9217992117065},"16":{"dtype":"number","min":467.62977525737085,"max":1107.1197712026376},"17":{"dtype":"number","min":-74.93205942373297,"max":995.0930632950037},"18":{"dtype":"number","min":552.5617668642635,"max":1234.94745830811},"19":{"dtype":"number","min":-132.37424854181896,"max":997.25491826762},"20":{"dtype":"number","min":513.5581116555494,"max":1197.6974664282845},"21":{"dtype":"number","min":-32.86546376248782,"max":948.6591765941002},"22":{"dtype":"number","min":629.9432289763035,"max":1229.7303102727521},"23":{"dtype":"number","min":7.989896956475377,"max":981.732792845014},"24":{"dtype":"number","min":534.3935473109314,"max":1028.4964780454281},"25":{"dtype":"number","min":-157.81989084582116,"max":979.3609095642207},"26":{"dtype":"number","min":656.5489913613243,"max":1188.6798220628882},"27":{"dtype":"number","min":290.0789066783168,"max":985.1785664995277},"28":{"dtype":"number","min":554.0778560526886,"max":1027.915700574135},"29":{"dtype":"number","min":49.81093973676593,"max":981.0327981275889},"30":{"dtype":"number","min":659.1586333455165,"max":1192.2070193523086},"31":{"dtype":"number","min":317.9838324801499,"max":999.1588204367117},"32":{"dtype":"number","min":559.3147571184481,"max":1038.8692169486894},"33":{"dtype":"number","min":277.6682918764229,"max":993.6889889365748}},"outputs":{"0":{"dtype":"string","min":0,"max":1,"uniqueValues":["a","b","c","i","o","p"],"legend":{"a":[1,0,0,0,0,0],"b":[0,1,0,0,0,0],"c":[0,0,1,0,0,0],"i":[0,0,0,1,0,0],"o":[0,0,0,0,1,0],"p":[0,0,0,0,0,1]}}},"isNormalized":true}