{"inputUnits":[34],"outputUnits":6,"inputs":{"0":{"dtype":"number","min":458.70819984123716,"max":1153.1266246297437},"1":{"dtype":"number","min":-67.42503502680313,"max":476.8922138771816},"2":{"dtype":"number","min":512.2202727855065,"max":1252.7340252078764},"3":{"dtype":"number","min":-77.57309227658993,"max":393.6370111952516},"4":{"dtype":"number","min":414.45727134540994,"max":1128.6423651563262},"5":{"dtype":"number","min":-62.632423683449076,"max":420.66036231801286},"6":{"dtype":"number","min":607.2258147301033,"max":1306.2408102232578},"7":{"dtype":"number","min":-78.21310567576984,"max":435.25683903089964},"8":{"dtype":"number","min":377.68559446576506,"max":1106.1502616540265},"9":{"dtype":"number","min":-54.65003179063112,"max":447.00901856896473},"10":{"dtype":"number","min":776.0474287185519,"max":1297.9265274731968},"11":{"dtype":"number","min":0.2421822650157992,"max":815.2853470889679},"12":{"dtype":"number","min":433.2486247458653,"max":1089.1606940256456},"13":{"dtype":"number","min":-25.04388106496711,"max":637.0180377625582},"14":{"dtype":"number","min":748.8620964779026,"max":1297.2613263641417},"15":{"dtype":"number","min":52.989047461318194,"max":1000.9580993652344},"16":{"dtype":"number","min":400.9007025229768,"max":1147.7260656524122},"17":{"dtype":"number","min":55.58887385020711,"max":954.9696219223051},"18":{"dtype":"number","min":614.8943294651559,"max":1230.8753773947672},"19":{"dtype":"number","min":21.24890779194078,"max":995.8980793794924},"20":{"dtype":"number","min":436.6309741877208,"max":1183.816495006777},"21":{"dtype":"number","min":20.58809812073588,"max":873.8172936393039},"22":{"dtype":"number","min":715.7745310762937,"max":1190.535553156981},"23":{"dtype":"number","min":129.16750902320905,"max":936.423815751401},"24":{"dtype":"number","min":515.0477106343468,"max":1061.2688304759838},"25":{"dtype":"number","min":209.3570630406311,"max":948.9341631735044},"26":{"dtype":"number","min":680.7747876202618,"max":1153.335325006853},"27":{"dtype":"number","min":263.0392628571211,"max":992.2438379477339},"28":{"dtype":"number","min":507.9553627177753,"max":1081.4091664215741},"29":{"dtype":"number","min":316.4990621049966,"max":983.3158104136207},"30":{"dtype":"number","min":676.3476181773879,"max":1170.5419672023484},"31":{"dtype":"number","min":336.4669734367385,"max":994.0452510246291},"32":{"dtype":"number","min":515.7683353535613,"max":1076.132036175644},"33":{"dtype":"number","min":407.58548312717005,"max":992.6916393852605}},"outputs":{"0":{"dtype":"string","min":0,"max":1,"uniqueValues":["a","b","c","i","o","p"],"legend":{"a":[1,0,0,0,0,0],"b":[0,1,0,0,0,0],"c":[0,0,1,0,0,0],"i":[0,0,0,1,0,0],"o":[0,0,0,0,1,0],"p":[0,0,0,0,0,1]}}},"isNormalized":true}