{"inputUnits":[34],"outputUnits":6,"inputs":{"0":{"dtype":"number","min":577.107940138432,"max":1258.4605327405427},"1":{"dtype":"number","min":-3.6168526394790206,"max":512.1835547255725},"2":{"dtype":"number","min":598.1864283749467,"max":1304.8577226486354},"3":{"dtype":"number","min":-75.30442622669958,"max":440.47019780030723},"4":{"dtype":"number","min":543.1581636246649,"max":1220.7310036701997},"5":{"dtype":"number","min":-57.18329297636453,"max":471.7529558624208},"6":{"dtype":"number","min":700.042007178591,"max":1331.0028278432626},"7":{"dtype":"number","min":-50.70154379682933,"max":442.21678616707777},"8":{"dtype":"number","min":525.1144682826587,"max":1133.4073119879233},"9":{"dtype":"number","min":-11.906989322535935,"max":488.96911740070664},"10":{"dtype":"number","min":749.437880488167,"max":1333.1601505391081},"11":{"dtype":"number","min":62.55867108499331,"max":807.6683493571438},"12":{"dtype":"number","min":431.07283861781184,"max":1131.2698643853557},"13":{"dtype":"number","min":60.243957400554336,"max":666.1989577146534},"14":{"dtype":"number","min":727.1324803164595,"max":1303.0250094229714},"15":{"dtype":"number","min":38.061893753140964,"max":1003.3081387822856},"16":{"dtype":"number","min":305.0197811015168,"max":1116.3111264710305},"17":{"dtype":"number","min":27.233884339211727,"max":985.8208919175652},"18":{"dtype":"number","min":686.7001610471491,"max":1287.7914732102065},"19":{"dtype":"number","min":4.683488693385982,"max":993.8090247438665},"20":{"dtype":"number","min":327.4314502619396,"max":1125.192849083021},"21":{"dtype":"number","min":20.031920315926527,"max":859.7221984268397},"22":{"dtype":"number","min":766.4431744848775,"max":1284.3187840036016},"23":{"dtype":"number","min":234.38186615763584,"max":984.3632962410909},"24":{"dtype":"number","min":442.62965776766947,"max":1139.2281301398025},"25":{"dtype":"number","min":237.91599742153232,"max":983.5322270384077},"26":{"dtype":"number","min":716.8310627184416,"max":1274.365116290414},"27":{"dtype":"number","min":289.53953793174344,"max":992.3901111387138},"28":{"dtype":"number","min":471.6072097391645,"max":1149.5629359314082},"29":{"dtype":"number","min":318.9516989204153,"max":984.5576688234801},"30":{"dtype":"number","min":701.2802308437651,"max":1231.2009487932885},"31":{"dtype":"number","min":318.33873507107444,"max":999.890502870199},"32":{"dtype":"number","min":475.8537348994502,"max":1150.0138869852583},"33":{"dtype":"number","min":407.5721119068287,"max":992.9944805420398}},"outputs":{"0":{"dtype":"string","min":0,"max":1,"uniqueValues":["a","b","c","i","o","p"],"legend":{"a":[1,0,0,0,0,0],"b":[0,1,0,0,0,0],"c":[0,0,1,0,0,0],"i":[0,0,0,1,0,0],"o":[0,0,0,0,1,0],"p":[0,0,0,0,0,1]}}},"isNormalized":true}