{"inputUnits":[34],"outputUnits":6,"inputs":{"0":{"dtype":"number","min":547.5153170877497,"max":1188.5120277330425},"1":{"dtype":"number","min":-106.83866445084064,"max":457.814317967227},"2":{"dtype":"number","min":593.9265370508383,"max":1205.7423148052967},"3":{"dtype":"number","min":-106.59808837414718,"max":426.02322286564936},"4":{"dtype":"number","min":521.2085875572517,"max":1176.0295262624877},"5":{"dtype":"number","min":-95.97617344549525,"max":416.0579546060246},"6":{"dtype":"number","min":621.1999333253381,"max":1230.344420910811},"7":{"dtype":"number","min":-76.83679115934913,"max":473.05631700779725},"8":{"dtype":"number","min":464.9038856907894,"max":1158.100124269898},"9":{"dtype":"number","min":-49.78085523460345,"max":431.80088809126767},"10":{"dtype":"number","min":682.3374712908709,"max":1227.9871515642133},"11":{"dtype":"number","min":-76.35161758631062,"max":652.0035141020954},"12":{"dtype":"number","min":438.49142464977956,"max":1099.9212396632859},"13":{"dtype":"number","min":-60.31029535780641,"max":615.967859338831},"14":{"dtype":"number","min":674.2517446774488,"max":1323.647108765838},"15":{"dtype":"number","min":89.17580171402898,"max":884.1055678577682},"16":{"dtype":"number","min":438.3701488056145,"max":1135.9419188025402},"17":{"dtype":"number","min":56.15685297499391,"max":909.9277203357242},"18":{"dtype":"number","min":674.6387620000114,"max":1317.6384653310793},"19":{"dtype":"number","min":16.82146990740739,"max":878.0552952935589},"20":{"dtype":"number","min":432.83537807055615,"max":1243.6554175185413},"21":{"dtype":"number","min":41.8102732875891,"max":837.8023662529959},"22":{"dtype":"number","min":624.0676076788651,"max":1163.8243409392894},"23":{"dtype":"number","min":212.59436653836195,"max":977.8841883490193},"24":{"dtype":"number","min":560.9124302259895,"max":1081.2322757118627},"25":{"dtype":"number","min":216.15079467059576,"max":979.1554661800985},"26":{"dtype":"number","min":608.4683257283291,"max":1141.6622847469694},"27":{"dtype":"number","min":235.85654037505333,"max":997.0994782773141},"28":{"dtype":"number","min":540.6795461554276,"max":1078.3602078383892},"29":{"dtype":"number","min":240.04983020804775,"max":987.7139686748064},"30":{"dtype":"number","min":613.6478488022356,"max":1177.516223691825},"31":{"dtype":"number","min":260.1325664557444,"max":996.1305407845718},"32":{"dtype":"number","min":556.5124801724975,"max":1135.6287132694474},"33":{"dtype":"number","min":259.1556696306195,"max":995.4957238507782}},"outputs":{"0":{"dtype":"string","min":0,"max":1,"uniqueValues":["a","b","c","i","o","p"],"legend":{"a":[1,0,0,0,0,0],"b":[0,1,0,0,0,0],"c":[0,0,1,0,0,0],"i":[0,0,0,1,0,0],"o":[0,0,0,0,1,0],"p":[0,0,0,0,0,1]}}},"isNormalized":true}