{"inputUnits":[34],"outputUnits":5,"inputs":{"0":{"dtype":"number","min":526.4438675253944,"max":1306.6477088853862},"1":{"dtype":"number","min":-140.37756966336198,"max":401.45532589442075},"2":{"dtype":"number","min":588.7514182048002,"max":1307.446215296814},"3":{"dtype":"number","min":-100.39066426238122,"max":392.88357442814936},"4":{"dtype":"number","min":526.6809129622014,"max":1297.9140539336622},"5":{"dtype":"number","min":-87.03895494487088,"max":390.17947012918034},"6":{"dtype":"number","min":642.7829044929489,"max":1313.598175941155},"7":{"dtype":"number","min":-92.60435940926536,"max":378.1364194040874},"8":{"dtype":"number","min":527.3447975917169,"max":1260.1900870339912},"9":{"dtype":"number","min":-49.93867632473655,"max":370.989197848136},"10":{"dtype":"number","min":621.8737804866441,"max":1308.3296759830348},"11":{"dtype":"number","min":-73.16471449348197,"max":532.7505784657499},"12":{"dtype":"number","min":546.8857329073007,"max":1244.3976424962689},"13":{"dtype":"number","min":-91.9481600934302,"max":499.9919143290083},"14":{"dtype":"number","min":532.431212308114,"max":1304.264998705531},"15":{"dtype":"number","min":75.7628011424639,"max":787.5218679565667},"16":{"dtype":"number","min":536.4702405427631,"max":1254.2712818762943},"17":{"dtype":"number","min":89.17828119289106,"max":707.0300709387944},"18":{"dtype":"number","min":568.7672100104319,"max":1280.2704357124908},"19":{"dtype":"number","min":-13.710949397691309,"max":832.0409341258146},"20":{"dtype":"number","min":560.8199133324576,"max":1251.5678658587658},"21":{"dtype":"number","min":-22.209037200749265,"max":786.4891174197428},"22":{"dtype":"number","min":688.6615632709703,"max":1295.0936919392666},"23":{"dtype":"number","min":172.467339647676,"max":859.2638291624787},"24":{"dtype":"number","min":666.4098109789991,"max":1292.3999523140533},"25":{"dtype":"number","min":233.43829714531557,"max":823.0202562953064},"26":{"dtype":"number","min":703.2599602712293,"max":1294.5720400447733},"27":{"dtype":"number","min":278.34014357182014,"max":939.9813182451571},"28":{"dtype":"number","min":659.9521807992203,"max":1284.114692792093},"29":{"dtype":"number","min":357.1435604876244,"max":898.1537519607396},"30":{"dtype":"number","min":718.6312257476717,"max":1298.007448430647},"31":{"dtype":"number","min":361.12753944322606,"max":993.5951331066108},"32":{"dtype":"number","min":651.4877670317829,"max":1278.7117901926615},"33":{"dtype":"number","min":459.663384569551,"max":995.2093193544979}},"outputs":{"0":{"dtype":"string","min":0,"max":1,"uniqueValues":["a","b","c","i","p"],"legend":{"a":[1,0,0,0,0],"b":[0,1,0,0,0],"c":[0,0,1,0,0],"i":[0,0,0,1,0],"p":[0,0,0,0,1]}}},"isNormalized":true}