{"inputUnits":[34],"outputUnits":6,"inputs":{"0":{"dtype":"number","min":615.5490951091922,"max":1214.5498567993877},"1":{"dtype":"number","min":-180.80459683959248,"max":493.22032787181706},"2":{"dtype":"number","min":653.26545581483,"max":1255.9773191931652},"3":{"dtype":"number","min":-143.96185980902777,"max":437.9847401252731},"4":{"dtype":"number","min":587.2376904106511,"max":1179.3846871002374},"5":{"dtype":"number","min":-124.86296477141204,"max":433.37144282826205},"6":{"dtype":"number","min":720.428103917291,"max":1288.848095274808},"7":{"dtype":"number","min":-120.50505589788187,"max":459.12317227666597},"8":{"dtype":"number","min":564.1693347239354,"max":1152.007745515998},"9":{"dtype":"number","min":-62.680761623568486,"max":454.88320036473556},"10":{"dtype":"number","min":636.1336405793128,"max":1219.6903970878259},"11":{"dtype":"number","min":-145.76216848273026,"max":651.0347445898818},"12":{"dtype":"number","min":517.6456333926315,"max":1121.0510827969854},"13":{"dtype":"number","min":-120.08580614948832,"max":649.945068359375},"14":{"dtype":"number","min":597.7620918615984,"max":1237.711027574818},"15":{"dtype":"number","min":26.96076212803058,"max":899.6141269378959},"16":{"dtype":"number","min":486.87784771240706,"max":1118.5206267150522},"17":{"dtype":"number","min":17.399378845333786,"max":868.8009286623949},"18":{"dtype":"number","min":648.5825025175515,"max":1291.8622849373323},"19":{"dtype":"number","min":27.242031878198077,"max":879.2506881624633},"20":{"dtype":"number","min":525.2725570708454,"max":1174.0788331505848},"21":{"dtype":"number","min":17.435007671631297,"max":874.6025085449219},"22":{"dtype":"number","min":625.8623434739735,"max":1155.0073762711493},"23":{"dtype":"number","min":-48.48846495035332,"max":981.0182210762366},"24":{"dtype":"number","min":563.0030569927966,"max":1111.6586964032804},"25":{"dtype":"number","min":40.8781685931408,"max":980.0794527823464},"26":{"dtype":"number","min":604.6461793181957,"max":1114.9079094899791},"27":{"dtype":"number","min":217.15150353504202,"max":984.2423990409509},"28":{"dtype":"number","min":564.6570127609878,"max":1105.006467584978},"29":{"dtype":"number","min":262.2059342828643,"max":951.3914528413591},"30":{"dtype":"number","min":563.0859806291309,"max":1139.347977963572},"31":{"dtype":"number","min":310.0940256695069,"max":994.4152668437994},"32":{"dtype":"number","min":560.0107007835343,"max":1137.4877977278265},"33":{"dtype":"number","min":279.67166439599225,"max":993.1809063589828}},"outputs":{"0":{"dtype":"string","min":0,"max":1,"uniqueValues":["a","b","c","i","o","p"],"legend":{"a":[1,0,0,0,0,0],"b":[0,1,0,0,0,0],"c":[0,0,1,0,0,0],"i":[0,0,0,1,0,0],"o":[0,0,0,0,1,0],"p":[0,0,0,0,0,1]}}},"isNormalized":true}