{"inputUnits":[34],"outputUnits":6,"inputs":{"0":{"dtype":"number","min":605.9377189175194,"max":1234.548976072791},"1":{"dtype":"number","min":-284.36694764254383,"max":451.9132368002254},"2":{"dtype":"number","min":656.6761776810733,"max":1282.4125754670556},"3":{"dtype":"number","min":-270.16078777945296,"max":402.8165505689951},"4":{"dtype":"number","min":579.4162088435063,"max":1187.7391715542383},"5":{"dtype":"number","min":-269.2682788990162,"max":393.35971348931673},"6":{"dtype":"number","min":715.5944717139528,"max":1307.160692122015},"7":{"dtype":"number","min":-186.9577413042154,"max":445.035521747076},"8":{"dtype":"number","min":524.6398913883559,"max":1103.0423538773148},"9":{"dtype":"number","min":-181.67551260013096,"max":403.14439353422347},"10":{"dtype":"number","min":772.2326089067068,"max":1301.4110638058905},"11":{"dtype":"number","min":-324.8784103542276,"max":632.8373614156919},"12":{"dtype":"number","min":507.9637053788986,"max":1071.6271704958197},"13":{"dtype":"number","min":-306.7789761132432,"max":567.9581491570723},"14":{"dtype":"number","min":749.5985433418615,"max":1310.0507983826753},"15":{"dtype":"number","min":-144.34912014193472,"max":951.2094841970104},"16":{"dtype":"number","min":492.0605730499208,"max":1123.8044961851242},"17":{"dtype":"number","min":-53.77670317830166,"max":842.8205452188413},"18":{"dtype":"number","min":668.1213521678545,"max":1220.179630153128},"19":{"dtype":"number","min":-174.91306594937868,"max":877.1968103524073},"20":{"dtype":"number","min":561.6504200717859,"max":1121.3206612808196},"21":{"dtype":"number","min":-9.737495288514253,"max":831.8902980514436},"22":{"dtype":"number","min":784.2463002939205,"max":1243.621085540593},"23":{"dtype":"number","min":-211.06384158366836,"max":979.3601385938262},"24":{"dtype":"number","min":599.81088552791,"max":1055.14330650166},"25":{"dtype":"number","min":-23.191032186586256,"max":980.4800087852552},"26":{"dtype":"number","min":755.9149241308022,"max":1190.1429549248826},"27":{"dtype":"number","min":19.317969606633767,"max":991.4522702698587},"28":{"dtype":"number","min":584.3545478686951,"max":1097.4105959886695},"29":{"dtype":"number","min":278.33251953125,"max":985.9978843525371},"30":{"dtype":"number","min":687.8462014003106,"max":1189.3176929853116},"31":{"dtype":"number","min":271.90574006495183,"max":995.0719352261133},"32":{"dtype":"number","min":595.7418677495469,"max":1096.230217708714},"33":{"dtype":"number","min":350.3254006666514,"max":995.3608379401194}},"outputs":{"0":{"dtype":"string","min":0,"max":1,"uniqueValues":["a","b","c","i","o","p"],"legend":{"a":[1,0,0,0,0,0],"b":[0,1,0,0,0,0],"c":[0,0,1,0,0,0],"i":[0,0,0,1,0,0],"o":[0,0,0,0,1,0],"p":[0,0,0,0,0,1]}}},"isNormalized":true}