{"inputUnits":[34],"outputUnits":6,"inputs":{"0":{"dtype":"number","min":69.9932201006259,"max":1255.3765476516812},"1":{"dtype":"number","min":-285.41651854041027,"max":519.9370662696645},"2":{"dtype":"number","min":106.32180137708637,"max":1304.0319229334186},"3":{"dtype":"number","min":-268.36590564274184,"max":467.5264902096278},"4":{"dtype":"number","min":39.03015315184119,"max":1203.195496795238},"5":{"dtype":"number","min":-267.12310969480995,"max":488.60378213328454},"6":{"dtype":"number","min":157.1224603783085,"max":1315.6194223623293},"7":{"dtype":"number","min":-222.6966367130391,"max":489.4578971639711},"8":{"dtype":"number","min":16.031922457510966,"max":1143.5613740024976},"9":{"dtype":"number","min":-189.36583401864036,"max":527.9911854764406},"10":{"dtype":"number","min":233.70595891108522,"max":1327.0256200124877},"11":{"dtype":"number","min":-321.4824095014011,"max":731.5774411207053},"12":{"dtype":"number","min":-12.118702789961013,"max":1150.5256542778386},"13":{"dtype":"number","min":-213.73222960830896,"max":690.9287670946028},"14":{"dtype":"number","min":177.9526524237025,"max":1317.1212679322002},"15":{"dtype":"number","min":-166.06457448145102,"max":1001.0335057427776},"16":{"dtype":"number","min":-20.22593715734649,"max":1125.8973762259382},"17":{"dtype":"number","min":-30.20319828977827,"max":873.6962227328711},"18":{"dtype":"number","min":153.13724093967014,"max":1276.1732084337498},"19":{"dtype":"number","min":-152.00680381373354,"max":938.9740442346642},"20":{"dtype":"number","min":38.51491604632104,"max":1158.2423427648712},"21":{"dtype":"number","min":90.7482624611659,"max":828.2690072756761},"22":{"dtype":"number","min":200.29913576955218,"max":1231.4756522076405},"23":{"dtype":"number","min":-149.07979329427084,"max":982.1078497159783},"24":{"dtype":"number","min":42.965044464051836,"max":1154.6118045085586},"25":{"dtype":"number","min":43.499288874992374,"max":980.1023641664381},"26":{"dtype":"number","min":200.7974032723648,"max":1190.4791075351409},"27":{"dtype":"number","min":68.52697777701633,"max":987.5862017477232},"28":{"dtype":"number","min":85.27815433970669,"max":1160.6932606241623},"29":{"dtype":"number","min":174.34071561281672,"max":990.9686719511451},"30":{"dtype":"number","min":194.58782471179032,"max":1194.984406290928},"31":{"dtype":"number","min":276.76712184853955,"max":995.4402104130497},"32":{"dtype":"number","min":117.70965799253585,"max":1163.9273814894766},"33":{"dtype":"number","min":331.2635479010569,"max":994.2828964025189}},"outputs":{"0":{"dtype":"string","min":0,"max":1,"uniqueValues":["a","b","c","i","o","p"],"legend":{"a":[1,0,0,0,0,0],"b":[0,1,0,0,0,0],"c":[0,0,1,0,0,0],"i":[0,0,0,1,0,0],"o":[0,0,0,0,1,0],"p":[0,0,0,0,0,1]}}},"isNormalized":true}