{"inputUnits":[34],"outputUnits":6,"inputs":{"0":{"dtype":"number","min":536.9580530237268,"max":1249.7549825151527},"1":{"dtype":"number","min":-226.1988934671205,"max":480.24650886044856},"2":{"dtype":"number","min":614.2667571843019,"max":1296.4120358472678},"3":{"dtype":"number","min":-166.44021314951877,"max":428.65794458816856},"4":{"dtype":"number","min":494.86388208340946,"max":1196.416893377174},"5":{"dtype":"number","min":-160.91626024153265,"max":414.6004588701571},"6":{"dtype":"number","min":676.602279930784,"max":1317.4826293707358},"7":{"dtype":"number","min":-156.42401414540313,"max":466.78099753099104},"8":{"dtype":"number","min":446.0019587169149,"max":1193.51533172191},"9":{"dtype":"number","min":-136.72657987062928,"max":436.51568184122004},"10":{"dtype":"number","min":689.1111163460953,"max":1311.466530842623},"11":{"dtype":"number","min":-161.64214790448344,"max":704.993393212034},"12":{"dtype":"number","min":426.73979701586865,"max":1195.235630652593},"13":{"dtype":"number","min":-181.21327896564327,"max":648.7613813314754},"14":{"dtype":"number","min":693.0412807055616,"max":1281.853316457648},"15":{"dtype":"number","min":28.902524832861218,"max":992.3746036879036},"16":{"dtype":"number","min":387.4487602129782,"max":1193.8338418406584},"17":{"dtype":"number","min":-71.20189049555313,"max":949.6901014301975},"18":{"dtype":"number","min":543.9578098349172,"max":1221.4624939559728},"19":{"dtype":"number","min":38.90081892701386,"max":888.0738101832815},"20":{"dtype":"number","min":390.840817576031,"max":1193.208039341382},"21":{"dtype":"number","min":-52.71087586995921,"max":901.7197886684485},"22":{"dtype":"number","min":687.0364195468597,"max":1242.8944590310139},"23":{"dtype":"number","min":114.90051745438899,"max":978.8506901612755},"24":{"dtype":"number","min":457.36806412189327,"max":1195.8491986072086},"25":{"dtype":"number","min":-76.6435256571333,"max":978.2066562347709},"26":{"dtype":"number","min":682.0395064028615,"max":1251.1330159505208},"27":{"dtype":"number","min":175.299203140229,"max":985.9205303229319},"28":{"dtype":"number","min":430.5661177309865,"max":1173.4534714607698},"29":{"dtype":"number","min":45.451199120713,"max":942.6927628247593},"30":{"dtype":"number","min":670.1037139595136,"max":1237.6555660872432},"31":{"dtype":"number","min":351.5717201158549,"max":997.498290357534},"32":{"dtype":"number","min":439.23274105287663,"max":1172.4930041575292},"33":{"dtype":"number","min":366.6508760508041,"max":994.4969337864925}},"outputs":{"0":{"dtype":"string","min":0,"max":1,"uniqueValues":["a","b","c","i","o","p"],"legend":{"a":[1,0,0,0,0,0],"b":[0,1,0,0,0,0],"c":[0,0,1,0,0,0],"i":[0,0,0,1,0,0],"o":[0,0,0,0,1,0],"p":[0,0,0,0,0,1]}}},"isNormalized":true}