{"inputUnits":[34],"outputUnits":6,"inputs":{"0":{"dtype":"number","min":582.3954335709064,"max":1298.7350898132918},"1":{"dtype":"number","min":-141.98341176291424,"max":495.48648231907896},"2":{"dtype":"number","min":629.2778160883437,"max":1316.3972577249328},"3":{"dtype":"number","min":-106.11784044529728,"max":484.8356268512807},"4":{"dtype":"number","min":556.0672470003541,"max":1289.8004364549067},"5":{"dtype":"number","min":-95.82333927266083,"max":482.0934526172065},"6":{"dtype":"number","min":747.7993125989888,"max":1311.1440938908686},"7":{"dtype":"number","min":-95.82880269249515,"max":493.2042588499786},"8":{"dtype":"number","min":501.906543159113,"max":1237.5471586558322},"9":{"dtype":"number","min":-42.83490201418397,"max":492.4549517715186},"10":{"dtype":"number","min":682.7081637912326,"max":1341.0857880649976},"11":{"dtype":"number","min":-160.78405785514133,"max":652.7916457267299},"12":{"dtype":"number","min":496.6456172712597,"max":1193.2577041715208},"13":{"dtype":"number","min":-38.23303103679339,"max":581.7167273924829},"14":{"dtype":"number","min":661.9026728401407,"max":1322.2987100999026},"15":{"dtype":"number","min":33.42961896929825,"max":928.371164422286},"16":{"dtype":"number","min":449.77014612268516,"max":1190.001099346674},"17":{"dtype":"number","min":30.970827812804544,"max":784.0256421421934},"18":{"dtype":"number","min":689.0215981169285,"max":1290.8251953125},"19":{"dtype":"number","min":21.19820459079557,"max":873.8365182263112},"20":{"dtype":"number","min":459.60780331498233,"max":1210.5494496603922},"21":{"dtype":"number","min":18.920503434149566,"max":780.7401399073312},"22":{"dtype":"number","min":676.018588714897,"max":1283.4448111312895},"23":{"dtype":"number","min":216.68705336066944,"max":941.6636684484649},"24":{"dtype":"number","min":596.1402479621634,"max":1213.0218446370918},"25":{"dtype":"number","min":220.08022137320296,"max":940.794091178195},"26":{"dtype":"number","min":686.2387447840521,"max":1271.3007275914122},"27":{"dtype":"number","min":309.1251151696515,"max":1001.4569481446263},"28":{"dtype":"number","min":538.1884432489644,"max":1197.9745397511979},"29":{"dtype":"number","min":318.09661233169527,"max":994.0290725440309},"30":{"dtype":"number","min":681.7822310241341,"max":1235.3983190882275},"31":{"dtype":"number","min":346.1869160613121,"max":996.6913246318377},"32":{"dtype":"number","min":557.608802007188,"max":1190.3788230851378},"33":{"dtype":"number","min":358.659022751375,"max":994.285602829842}},"outputs":{"0":{"dtype":"string","min":0,"max":1,"uniqueValues":["a","b","c","i","o","p"],"legend":{"a":[1,0,0,0,0,0],"b":[0,1,0,0,0,0],"c":[0,0,1,0,0,0],"i":[0,0,0,1,0,0],"o":[0,0,0,0,1,0],"p":[0,0,0,0,0,1]}}},"isNormalized":true}